unit_id,timestamp,longitude,latitude,location_valid,speed,speed_max,course,track,altitude,nsat,pdop
1105498,2026-01-06 02:47:50.000000,37.38585,55.7184,True,0.0,0,0.0,0,179.0,0,0
1105498,2026-01-06 02:47:34.000000,37.38585,55.7184,True,0.0,0,0.0,0,179.0,0,0
1105498,2026-01-06 02:47:20.000000,37.38585,55.7184,True,0.0,0,0.0,0,179.0,0,0
1105498,2026-01-06 02:47:04.000000,37.38585,55.7184,True,0.0,0,0.0,0,179.0,0,0
1105498,2026-01-06 02:46:50.000000,37.38585,55.7184,True,0.0,0,0.0,0,179.0,0,0
1105498,2026-01-06 02:46:34.000000,37.385834,55.718395,True,0.0,0,0.0,0,180.0,0,0
1105498,2026-01-06 02:46:20.000000,37.385815,55.718395,True,0.0,0,0.0,0,183.0,0,0
1105498,2026-01-06 02:46:03.000000,-0.0,-0.0,False,0.0,0,0.0,0,0.0,0,0
1105498,2026-01-06 02:45:48.000000,-0.0,-0.0,False,0.0,0,0.0,0,0.0,0,0
1105498,2026-01-06 02:45:33.000000,-0.0,-0.0,False,0.0,0,0.0,0,0.0,0,0
1105498,2026-01-06 02:45:18.000000,-0.0,-0.0,False,0.0,0,0.0,0,0.0,0,0
1105498,2026-01-06 02:45:14.000000,-0.0,-0.0,False,0.0,0,0.0,0,0.0,0,0
1105498,2026-01-06 02:45:03.000000,-0.0,-0.0,False,0.0,0,0.0,0,0.0,0,0
1105498,2026-01-06 02:45:00.000000,-0.0,-0.0,False,0.0,0,0.0,0,0.0,0,0
1105498,2026-01-06 02:44:48.000000,-0.0,-0.0,False,0.0,0,0.0,0,0.0,0,0
1105498,2026-01-06 02:44:41.000000,-0.0,-0.0,False,0.0,0,0.0,0,0.0,0,0
1105498,2026-01-06 02:44:33.000000,-0.0,-0.0,False,0.0,0,0.0,0,0.0,0,0
1105498,2026-01-06 02:44:18.000000,-0.0,-0.0,False,0.0,0,0.0,0,0.0,0,0
1105498,2026-01-06 02:44:09.000000,-0.0,-0.0,False,0.0,0,0.0,0,0.0,0,0
1105498,2026-01-06 02:44:03.000000,-0.0,-0.0,False,0.0,0,0.0,0,0.0,0,0
1105498,2026-01-06 02:43:55.000000,-0.0,-0.0,False,0.0,0,0.0,0,0.0,0,0
1105498,2026-01-06 02:43:53.000000,-0.0,-0.0,False,0.0,0,0.0,0,0.0,0,0
1105498,2026-01-06 02:43:52.000000,-0.0,-0.0,False,0.0,0,0.0,0,0.0,0,0
1105498,2026-01-06 02:43:48.000000,-0.0,-0.0,False,0.0,0,0.0,0,0.0,0,0
1105498,2026-01-06 02:43:41.000000,-0.0,-0.0,False,0.0,0,0.0,0,0.0,0,0
1105498,2026-01-06 02:43:33.000000,-0.0,-0.0,False,0.0,0,0.0,0,0.0,0,0
1105498,2026-01-06 02:43:22.000000,-0.0,-0.0,False,0.0,0,0.0,0,0.0,0,0
1105498,2026-01-06 02:43:18.000000,-0.0,-0.0,False,0.0,0,0.0,0,0.0,0,0
1105498,2026-01-06 02:43:15.000000,-0.0,-0.0,False,0.0,0,0.0,0,0.0,0,0
1105498,2026-01-06 02:43:03.000000,-0.0,-0.0,False,0.0,0,0.0,0,0.0,0,0
1105498,2026-01-06 02:42:50.000000,-0.0,-0.0,False,0.0,0,0.0,0,0.0,0,0
1105498,2026-01-06 02:42:48.000000,-0.0,-0.0,False,0.0,0,0.0,0,0.0,0,0
1105498,2026-01-06 02:42:46.000000,-0.0,-0.0,False,0.0,0,0.0,0,0.0,0,0
1105498,2026-01-06 02:42:45.000000,-0.0,-0.0,False,0.0,0,0.0,0,0.0,0,0
1105498,2026-01-06 02:42:33.000000,-0.0,-0.0,False,0.0,0,0.0,0,0.0,0,0
1105498,2026-01-06 02:42:32.000000,-0.0,-0.0,False,0.0,0,0.0,0,0.0,0,0
1105498,2026-01-06 02:42:29.000000,-0.0,-0.0,False,0.0,0,0.0,0,0.0,0,0
1105498,2026-01-06 02:42:22.000000,-0.0,-0.0,False,0.0,0,0.0,0,0.0,0,0
1105498,2026-01-06 02:42:18.000000,-0.0,-0.0,False,0.0,0,0.0,0,0.0,0,0
1105498,2026-01-06 02:42:17.000000,-0.0,-0.0,False,0.0,0,0.0,0,0.0,0,0
1105498,2026-01-06 02:42:03.000000,-0.0,-0.0,False,0.0,0,0.0,0,0.0,0,0
1105498,2026-01-06 02:42:03.000000,-0.0,-0.0,False,0.0,0,0.0,0,0.0,0,0
1105498,2026-01-06 02:41:48.000000,-0.0,-0.0,False,0.0,0,0.0,0,0.0,0,0
1105498,2026-01-06 02:41:46.000000,-0.0,-0.0,False,0.0,0,0.0,0,0.0,0,0
1105498,2026-01-06 02:41:33.000000,-0.0,-0.0,False,0.0,0,0.0,0,0.0,0,0
1105498,2026-01-06 02:41:18.000000,-0.0,-0.0,False,0.0,0,0.0,0,0.0,0,0
1105498,2026-01-06 02:41:17.000000,-0.0,-0.0,False,0.0,0,0.0,0,0.0,0,0
1105498,2026-01-06 02:41:08.000000,-0.0,-0.0,False,0.0,0,0.0,0,0.0,0,0
1105498,2026-01-06 02:41:03.000000,-0.0,-0.0,False,0.0,0,0.0,0,0.0,0,0
1105498,2026-01-06 02:41:03.000000,-0.0,-0.0,False,0.0,0,0.0,0,0.0,0,0
1105498,2026-01-06 02:40:54.000000,-0.0,-0.0,False,0.0,0,0.0,0,0.0,0,0
1105498,2026-01-06 02:40:48.000000,-0.0,-0.0,False,0.0,0,0.0,0,0.0,0,0
1105498,2026-01-06 02:40:45.000000,-0.0,-0.0,False,0.0,0,0.0,0,0.0,0,0
1105498,2026-01-06 02:40:42.000000,-0.0,-0.0,False,0.0,0,0.0,0,0.0,0,0
1105498,2026-01-06 02:40:40.000000,-0.0,-0.0,False,0.0,0,0.0,0,0.0,0,0
1105498,2026-01-06 02:40:33.000000,-0.0,-0.0,False,0.0,0,0.0,0,0.0,0,0
1105498,2026-01-06 02:40:30.000000,-0.0,-0.0,False,0.0,0,0.0,0,0.0,0,0
1105498,2026-01-06 02:40:18.000000,-0.0,-0.0,False,0.0,0,0.0,0,0.0,0,0
1105498,2026-01-06 02:40:07.000000,-0.0,-0.0,False,0.0,0,0.0,0,0.0,0,0
1105498,2026-01-06 02:40:03.000000,-0.0,-0.0,False,0.0,0,0.0,0,0.0,0,0
1105498,2026-01-06 02:39:58.000000,-0.0,-0.0,False,0.0,0,0.0,0,0.0,0,0
1105498,2026-01-06 02:39:48.000000,-0.0,-0.0,False,0.0,0,0.0,0,0.0,0,0
1105498,2026-01-06 02:39:39.000000,-0.0,-0.0,False,0.0,0,0.0,0,0.0,0,0
1105498,2026-01-06 02:39:33.000000,-0.0,-0.0,False,0.0,0,0.0,0,0.0,0,0
1105498,2026-01-06 02:39:33.000000,-0.0,-0.0,False,0.0,0,0.0,0,0.0,0,0
1105498,2026-01-06 02:39:30.000000,-0.0,-0.0,False,0.0,0,0.0,0,0.0,0,0
1105498,2026-01-06 02:39:25.000000,-0.0,-0.0,False,0.0,0,0.0,0,0.0,0,0
1105498,2026-01-06 02:39:18.000000,-0.0,-0.0,False,0.0,0,0.0,0,0.0,0,0
1105498,2026-01-06 02:39:03.000000,-0.0,-0.0,False,0.0,0,0.0,0,0.0,0,0
1105498,2026-01-06 02:38:48.000000,-0.0,-0.0,False,0.0,0,0.0,0,0.0,0,0
1105498,2026-01-06 02:38:33.000000,-0.0,-0.0,False,0.0,0,0.0,0,0.0,0,0
1105498,2026-01-06 02:38:20.000000,-0.0,-0.0,False,0.0,0,0.0,0,0.0,0,0
1105498,2026-01-06 02:38:18.000000,-0.0,-0.0,False,0.0,0,0.0,0,0.0,0,0
1105498,2026-01-06 02:38:03.000000,-0.0,-0.0,False,0.0,0,0.0,0,0.0,0,0
1105498,2026-01-06 02:37:48.000000,-0.0,-0.0,False,0.0,0,0.0,0,0.0,0,0
1105498,2026-01-06 02:37:37.000000,-0.0,-0.0,False,0.0,0,0.0,0,0.0,0,0
1105498,2026-01-06 02:37:33.000000,-0.0,-0.0,False,0.0,0,0.0,0,0.0,0,0
1105498,2026-01-06 02:37:18.000000,-0.0,-0.0,False,0.0,0,0.0,0,0.0,0,0
1105498,2026-01-06 02:37:03.000000,-0.0,-0.0,False,0.0,0,0.0,0,0.0,0,0
1105498,2026-01-06 02:36:48.000000,-0.0,-0.0,False,0.0,0,0.0,0,0.0,0,0
1105498,2026-01-06 02:36:41.000000,-0.0,-0.0,False,0.0,0,0.0,0,0.0,0,0
1105498,2026-01-06 02:36:33.000000,-0.0,-0.0,False,0.0,0,0.0,0,0.0,0,0
1105498,2026-01-06 02:36:27.000000,-0.0,-0.0,False,0.0,0,0.0,0,0.0,0,0
1105498,2026-01-06 02:36:18.000000,-0.0,-0.0,False,0.0,0,0.0,0,0.0,0,0
1105498,2026-01-06 02:36:03.000000,-0.0,-0.0,False,0.0,0,0.0,0,0.0,0,0
1105498,2026-01-06 02:35:48.000000,-0.0,-0.0,False,0.0,0,0.0,0,0.0,0,0
1105498,2026-01-06 02:35:33.000000,-0.0,-0.0,False,0.0,0,0.0,0,0.0,0,0
1105498,2026-01-06 02:35:18.000000,-0.0,-0.0,False,0.0,0,0.0,0,0.0,0,0
1105498,2026-01-06 02:35:12.000000,-0.0,-0.0,False,0.0,0,0.0,0,0.0,0,0
1105498,2026-01-06 02:35:12.000000,-0.0,-0.0,False,0.0,0,0.0,0,0.0,0,0
1105498,2026-01-06 02:35:03.000000,-0.0,-0.0,False,0.0,0,0.0,0,0.0,0,0
1105498,2026-01-06 02:34:53.000000,-0.0,-0.0,False,0.0,0,0.0,0,0.0,0,0
1105498,2026-01-06 02:34:48.000000,-0.0,-0.0,False,0.0,0,0.0,0,0.0,0,0
1105498,2026-01-06 02:34:44.000000,-0.0,-0.0,False,0.0,0,0.0,0,0.0,0,0
1105498,2026-01-06 02:34:44.000000,-0.0,-0.0,False,0.0,0,0.0,0,0.0,0,0
1105498,2026-01-06 02:34:43.000000,-0.0,-0.0,False,0.0,0,0.0,0,0.0,0,0
1105498,2026-01-06 02:34:33.000000,-0.0,-0.0,False,0.0,0,0.0,0,0.0,0,0
1105498,2026-01-06 02:34:18.000000,-0.0,-0.0,False,0.0,0,0.0,0,0.0,0,0
1105498,2026-01-06 02:34:13.000000,-0.0,-0.0,False,0.0,0,0.0,0,0.0,0,0
1105498,2026-01-06 02:34:12.000000,-0.0,-0.0,False,0.0,0,0.0,0,0.0,0,0
1105498,2026-01-06 02:34:03.000000,-0.0,-0.0,False,0.0,0,0.0,0,0.0,0,0
1105498,2026-01-06 02:34:03.000000,-0.0,-0.0,False,0.0,0,0.0,0,0.0,0,0
1105498,2026-01-06 02:33:57.000000,-0.0,-0.0,False,0.0,0,0.0,0,0.0,0,0
1105498,2026-01-06 02:33:52.000000,-0.0,-0.0,False,0.0,0,0.0,0,0.0,0,0
1105498,2026-01-06 02:33:48.000000,-0.0,-0.0,False,0.0,0,0.0,0,0.0,0,0
1105498,2026-01-06 02:33:48.000000,-0.0,-0.0,False,0.0,0,0.0,0,0.0,0,0
1105498,2026-01-06 02:33:40.000000,-0.0,-0.0,False,0.0,0,0.0,0,0.0,0,0
1105498,2026-01-06 02:33:40.000000,-0.0,-0.0,False,0.0,0,0.0,0,0.0,0,0
1105498,2026-01-06 02:33:40.000000,-0.0,-0.0,False,0.0,0,0.0,0,0.0,0,0
1105498,2026-01-06 02:33:35.000000,-0.0,-0.0,False,0.0,0,0.0,0,0.0,0,0
1105498,2026-01-06 02:33:35.000000,-0.0,-0.0,False,0.0,0,0.0,0,0.0,0,0
1105498,2026-01-06 02:33:34.000000,-0.0,-0.0,False,0.0,0,0.0,0,0.0,0,0
1105498,2026-01-06 02:33:33.000000,-0.0,-0.0,False,0.0,0,0.0,0,0.0,0,0
1105498,2026-01-06 02:33:18.000000,-0.0,-0.0,False,0.0,0,0.0,0,0.0,0,0
1105498,2026-01-06 02:33:03.000000,-0.0,-0.0,False,0.0,0,0.0,0,0.0,0,0
